Extract Name,Source Code,Table Name
member,808,mbr
claim,801,"clm, clm_line, clm_paid"
uhm,"301,302,303","uhm_main, uhm_lines"
Source_0ZWY0,"353,684",TBLLRX3
Feed_LBXV,"540,704",VW_6FL013X
Feed_SNO,844,FACT_2AXSOW5O
Data_4ZYT86,"106,505,810",DIM8UKB5WU7
Extract_I7MY1,409,DIM_MK2K5S
Extract_ZZR0G,"492,602",FACT_J5F4VJ
Source_BOG0S,270,DIM_QBVGB
Data_YIK6,142,DIM_7KX9WA
Data_RYXZ,"346,431,657,725",FACT_Q2PV3
Feed_V08B23,"457,482,986",FACT_F06Q
Feed_EP15K,"295,406",TBLIBTZV
Source_MNPLF,537,DIM_24UJ
Feed_Y90IN,378,FACT_I46O8
Extract_CVU,"525,758",TBL_1UFVOA
Source_KFC66,"282,560,686",FACT_SXDIQG2U
Data_GLFWC7,"179,926",TBLNMJTD
Feed_RIN,826,TBL908Z8U5
Extract_MAZIP,251,TBL_BLLJC32
Extract_P3B1C7,533,DIM_F6L1ELM
Data_V2I,"240,674,719",FACT_QLC6JLSH
Source_T52E,"498,785",VWJ33K
Extract_XZV,246,VWJ0EQLC
Extract_0RJVLQ,580,TBL_BLLJC32
Extract_9S1P65,600,DIM_WCW5CG
Extract_G8LR,"360,772",DIMTZD5MIY
Extract_3HTVS,179,DIM_GL8XG
Feed_XR9B,680,VW_0IJ2E
Data_2GBMRS,"276,547",DIM_EB6AE
Source_X3W1,527,FACTVJAGPA8
Feed_N05,"129,296,373,609,701",TBL_BLLJC32
Source_716,515,FACT_MNRD6Y
Extract_2437J,"215,856",VW_CY12
Feed_DKLZ,397,VW_KV79B
Data_VRFBJ,693,FACTTQKTG7Z
Source_XH95,735,DIMX5EK0H
Data_HXYD,"282,604,666",VWTC603ZNW
Extract_KE5,301,TBLEFC8I
Source_4I4B,"150,241,727",FACTADJ8
Feed_81J,"443,633,780",FACT_RJ3NBU3
Extract_PBR,156,VWCMAK
Source_HI3,380,FACTSMK070
Extract_V1SPGZ,916,DIM0J1RQ0D
Feed_MAP,"619,656,768",FACT_M5GSQYC9
Source_JDQ9,765,VWQHJZ9
Feed_ZB92QM,"393,456",VWRMIKCD
Source_VSSL,"209,761,784",VW_K91ZOF
Data_QTLX,257,DIM_UT2X74D
Data_KKR,101,TBL_FAFR4EVX
Source_NTX,963,DIM31UO
Feed_YGA,359,FACTK98Z5G
Source_58QC,644,VW0MOIS48T
Data_XPZQ,183,DIMDG0VD14
Data_OTDUI,"377,611",VWG5VHDPF4
Source_M6OZK6,"350,600",VW_2OJVO6
Data_IVPH,"186,910",DIMFH2P2
Feed_99NZY3,828,FACT6T0XVXR
Data_BBR4M,"560,756",DIM26LGMDP
Feed_B9ZG,919,TBL_VJ88M
Extract_GN3NF,299,VW5JSMK74
Source_UTAZQL,401,VWSOEKQ8ZH
Extract_OG6B3,526,DIM_G7U24EJK
Source_RUR,419,DIM_H8ZP0QK
Extract_HLXG5Y,664,TBLQ2CS3LO
Feed_E9VI9R,"348,630,672",VWM9Y4
Data_QS5ZDX,"232,821",VW1I74SDB1
Extract_EJKRS1,"592,810,881",VW0EJ1VB
Extract_128UK,"499,896",FACTSBHH6L
Feed_DMCA0,"430,627",TBL48VC
Data_AFSZKS,"295,345,569",VW_J9HF2J7
Source_19O,"374,469,601,682",TBL_1C0APR93
Source_6CK,"195,283,762,842",TBLSKDKXKMM
Data_XX0,"341,559",DIM_4CQR58M
Data_B8Q,393,FACT_MANE8IO7
Feed_UML0B,626,TBL_FWRSQJK
Feed_BLVU54,446,FACT861ROLS
Extract_9PGN6Y,"180,322,655",DIM_QCNSRMI
Source_2AN,496,TBL_UAKFUPEJ
Data_SDG3AC,"124,144,803",DIM_MV7SL
Feed_TJ5,"158,645",FACTARIX
Extract_A30H,301,VWRB7BRP
Data_EBC,664,FACT_AB3TA7
Source_1OQVJG,794,VWL0NL
Source_67ES,"272,557",VWKOH6
Data_2481,246,DIMELWAMA66
Data_R4ZF,394,TBL_UHVD98
Feed_VTA,272,FACTPMVU7
Source_VRB,586,VWH6BSPWJ
Source_E20G,533,DIM_XP0NTM
Source_175,"166,341,442,863",DIM_3EXQ15
Feed_7BWQ,"219,601",TBLORRT3S2
Data_6ZK,333,VW_WW17W
Extract_G1U6,"563,822",DIM7YEDN35K
Source_K8EFA,812,VW8OPX7EA
Feed_C05,"226,246",TBLHXKAKW
Source_AH98,"100,359",DIMF1E9
Feed_ZJ6P,521,FACTHULQ10F
Source_5CH,829,DIM_YBPNG0O
Extract_8AE,537,VWS871JSS8
Feed_HEASQ5,636,FACT_FMSPW
Extract_X4QFO,"484,882",FACT_MWWYPR1
Source_LIZUN,"416,684",VW1MVTAM8
Source_NIT,679,FACT_W5H0L
Source_IS5T,287,DIMMP31Z
Source_624,"287,592,783",FACT_NGU59VP
Extract_NYB0U,"144,231",VWIXFL8W8
Extract_3UI,755,VW_TDDU
Feed_H8T4UW,"163,777,940",TBLWUCC
Source_5FB7,315,DIM_C426
Extract_1W3,"500,626",TBL_I37FK
Source_0UKJT,492,VWOQR2C
Feed_HY8V,"431,516,719,985",VW_9WGMQA
Extract_N3UD23,443,FACT_67N5BQK
Source_2A82HC,"400,696,941",FACTSALTCB1
Feed_CP1,152,FACTYQZ8B
Extract_ETP,"288,499,532,572,694",FACT_UR7KIAPS
Source_Y5VDE,"305,332,833,995",DIMDAJSD9AY
Data_8JH,"159,353,421,675",DIM_EX6OTRBK
Data_BT0LZ,"319,475",VWR8HLG
Source_GQQ,"427,810,933,989",TBL_39P6VI
Extract_691,687,FACTU7J6SQ
Extract_RXG,"168,224",TBLN7QSBM8I
Extract_26O4,"225,284,494",VWIZEA3AUF
Feed_XFQB,"223,393,503,691,970",DIM_F4SVU
Data_12HO8N,590,VWKH8PSMYO
Data_R4LB0,"633,699,722",VWGQ5M
Data_IND6V,550,DIM_GCUM
Source_AT97,"765,852",FACT_TS2NJ
Source_4UA,277,FACT_BDO9
Data_2NRWA,857,DIMWMGGV1
Extract_KVBNBJ,139,VWZZ56V8H
Data_2IYV,589,TBL6MC4K
Extract_ZCJ,886,TBL_SM70QM8W
Data_8KJ,"144,431",VWINI7P
Data_8621L5,"150,977",TBL_K2CAQ6J
Source_IDFJ,"128,603,986",TBLIBUC
Data_8AHL,211,DIM_LQWJMK
Extract_NTVTYD,"134,258,756,820,917",DIMU1WY2169
Feed_OKBBKX,297,DIMLGRSEPJ2
Data_ST8,356,DIM_1TYN
Extract_XYBVQ3,"674,893",FACTLFZPEJLB
Data_37WDN,850,TBLS2JL1MZV
Source_L3P,968,VWBKMVIICG
Feed_5IZ,"541,553,965",VW_16NR
Data_IMX,685,DIMAC4PJ
Data_XKS,"179,749",TBLB9KBG
Feed_XGND,720,DIM7ODPVOW
Data_4UJ,523,FACT127X34XT
Data_39AGD6,607,FACT_O7G3NBI
Data_3LZHZD,"139,745",DIM_LXXTPY
Feed_Z4O,932,FACT_5G3280F7
Source_1ZF,594,TBL_OCSOYN
Source_9L3UIJ,595,DIM_6S5FS9
Source_NL1S8,"104,429",FACTS6JGR
Feed_H7M,"172,206,261",VW_8QQ9UNY
Data_SEVXR5,"139,401,636,725",TBLE2HI
Data_RIMYP,"101,107",DIM_SCNUF9B
Feed_27R,362,VW_O8VJY
Data_XW05U,702,FACT03HN
Feed_ZIX,287,TBL_TPKLJNTH
Feed_X5P,307,VWYNOX
Source_NS8341,289,VWMPEMX82
Source_5IY1,735,FACT_SZYMQ
Source_LGIZU,878,TBLFB5Q2U
Source_LR9,"105,177,574,744,908",DIMSDI67GYF
Data_3KI,"208,466,510,995",VW_FM9J2
Feed_O9U5XN,"198,771",VW_6Y20
Feed_UPN,"623,970",TBL9VUM1OXY
Extract_RALLY,"321,422,545",FACT8C3EB
Source_W8YF,168,FACT_Q24U
Extract_9MD,"532,710,861,959",TBLT09JNM0
Data_WUERT9,"613,704,985",DIMWWFH4
Extract_NGPU,599,VWHO3S20
Feed_3CAB,856,DIMIUOTVW0H
Extract_JLNX,410,TBLM17N8XM9
Data_BEJZG,"224,328,798",TBL_CNCJ44LX
Data_B51D9V,357,FACT_61T3KUZ
Data_MGPR02,"247,409",VW_N6WVG3Z
Data_YN9ULE,"145,244,729",TBL8HC20MBI
Feed_I3CB09,"317,665,907,945,953",FACTAU3RT6Z
Source_I2QKZ,500,VW_HF3RRW0
Source_YO8VG,709,DIM_Z5NY8
Feed_F2B3O,482,TBLHM298A
Source_459D0,112,FACT2IVAF
Source_W41ER,942,VW_M28R82
Extract_W7Z,978,TBL_ZT9OY
Source_PZNW,"456,629",FACTRRR8
Source_TZ9EDY,"214,404,417",TBL_74ERK4
Feed_ATDIJ,"208,513,875",DIMTZ24
Source_HUPCB,138,VWN7ITC
Extract_F4R,291,TBLR18O
Data_UPT4,"135,344,732,749",DIMXENMG
Source_941D,"394,442,608,643,937",DIMSW3G
Feed_7VIKPS,"182,615",DIMX89H8ME
Feed_XB7A,"841,916,930",TBL65RD607I
Feed_YXC7N,159,TBL_BI478
Data_XS4,332,TBLEV7CP
Feed_GU2,512,DIM_ATM1
Feed_JWH,928,DIMBN9O
Source_JP2FJ8,"247,415,724,749,759",VW5SIPEK77
Data_8AOCF3,"181,626,880",TBL3CEAW9
Extract_UX6S,"658,919",VW2NS9ONE5
Feed_Y1KI,"220,377,426",DIM_6NUGKL9N
Extract_LSNGS,922,TBL_8WGS
Data_0YIY,293,VWTN5A
Feed_IOIEG1,"427,456,666,776",FACTZXAKAU16
Feed_9XUIX,710,VW_GN1V9
Feed_H7MCL,"336,615,957",TBLSUEUYC
Data_VYYUQ,"139,322,341",VW_GWKXMAM
Extract_CGANWO,430,DIMU24XX6L8
Source_B8S,"200,288,433,477",FACTD3KE48Q3
Feed_NR8,"234,388,608,795",VW_TSKE5EGK
Extract_9GR,"404,816,971",TBL_65QL4V8
Source_ZA5R,456,TBL_0P84U2
Feed_WXUU,"178,473,693,721",VWADVMPM4
Extract_QCWL,"356,528,993",VWW4FOCY4
Data_E0A2,"179,623",FACTD1V94OVB
Data_0IBH1F,"568,890",FACTS5QF
Source_MISY,939,VW_ZTK8
Extract_R5T4,104,TBL_2C0AP
Extract_NX1,933,DIMFDGS
Feed_UYMN,683,DIM470YOLJ
Source_JWYJI,105,TBLULDUGJTH
Source_LXO,523,TBLBFGT7I0
Feed_3BXJG,447,DIM_NEV47T
Source_0GT,"855,893",TBL_F539W
Feed_JZQ,360,TBLKIMO8Z
Feed_EC6,414,FACTZFQENGNK
Extract_KAH4,"348,897",TBL7QK4QZ2
Extract_PDPM,"781,951",DIM_XWT8Z
Source_EE9WQ,"373,639",DIM791C
Feed_AIS0H,"107,109,532",VWPZFOFK
Data_LLJ,"619,676,853",TBL_7IXW
Feed_EQ4L,260,VWCCPWM
Extract_UG9WNQ,"315,502",DIMTQ9JFQT
Extract_O0361B,"640,859",DIMCLX1C8M
Data_XN4E89,422,TBLJUQKIT
Data_FB5,605,TBLIKM1
Extract_IFG9,"490,631,805,897",FACT9Z358L
Data_I4ZU,837,DIM_HWQR8
Source_D27PAC,720,VW4F8IZ
Source_LIJ70,"318,969",FACTUB19TA
Data_LE1Y,901,TBL_E8CRX
Data_BIYL,959,TBLUK4JJPR
Source_Y3Z,"146,152",FACTJ7RQ0FN1
Source_8ZW,"458,594",FACT_OHE6G
Data_UZO,"124,780,826,834",VW_1TG864
Data_NQFQYD,528,VW_ZWOQPKQ
Data_RY61B2,505,VWMLTL1
Extract_4N8CIV,520,FACT_FINNLHJ
Data_8F3B30,544,TBLK9KQ6DB
Extract_O9DI,"449,939",TBL_QJRP7U
Feed_3258Y,"228,253,328,617,984",FACTZNH1P
Extract_L4PO,261,TBL_BM1VES
Extract_Z3DLE5,"231,442",DIM_CKHGM8A
Source_3B2Q,"525,562",DIM_Y9PN36OY
Extract_IZQ94,428,VW_POL8
Source_0VZ4,115,FACT_CP48J1F
Data_U3RJ,938,VWMMFB9HN
Feed_VCH,834,TBLD11YYBU3
Feed_7A7O,"616,830,997",TBL_8B29
Feed_NSQO7H,884,TBLXBVV1
Extract_8GMEG1,970,VW_M73J92
Feed_A57K,"182,487,665",DIMYO4JT
Source_UDFV,712,FACT_8HL7ON7
Source_3IS91K,"266,384",VW_IPH6IHAB
Data_MD5KD,599,TBLHZ4S
Data_DA5,340,VW_AH6UBSCK
Feed_TM5,162,VW2DWTGG2
Data_TAK1,"137,245",VW_D65G2
Source_RMRQ,194,FACTWHZKMTT
Data_RCF,587,FACTTS8R6
Feed_KIU6H,746,VW_X09DCQG
Extract_WI4HUV,"169,239",VW3UHVM
Extract_TB9P,"129,211,223,324,806",TBLAIQRB6C
Source_D5FYAS,"657,927",VW5VKO
Data_BDUX,403,DIM4DRS
Feed_GH8,746,TBLQYAD34A
Feed_6V7SW0,"344,747",TBLCVW6
Source_84E4C,"770,988",DIMY2UT
Source_AOG66V,"106,160",VW_QL1N3G
Data_ZMS,872,FACT_7NLAKTN
Data_R79,"606,648,692,921",FACT7N0O6GD
Feed_P36JQ,512,DIM_3V8D
Data_07KEN,"300,339",VW_SNJU
Extract_IOJZS,"133,261",FACT_PZTZUK
Extract_PWYVY3,"335,555,851",VW_7F1YJT
Source_QGHTDY,"161,320,501,600,825",FACT_J25F8G47
Source_AD1W1D,"406,427",FACTIX5YIIL4
Data_DDWOEA,721,TBL_WIN7LY
Feed_AC9OR,424,VW_HZC9X5
Extract_ZNHD3,"479,648",DIM_GOXBSUG8
Extract_3ZNE,"243,653",TBL_BV8653
Extract_ZRA,"485,622,989",DIM_UKNNWLJ1
Source_QXU8LR,"354,931",DIM64ZEXF
Extract_Z2Y9N,"418,421,445,809,913",DIMCWG9P
Source_6UW05,806,DIMPKEKON
Source_TFR,"387,407",TBLAKF5
Source_GNPJ,581,VW_HH0N4
Data_JGCHKP,"578,739",DIM_IO8T
Data_8E4B,759,DIM0CLL
Extract_4C1,"623,715,882",TBL_JUY5
Feed_27D,"216,265,727,823,930",TBLOV30L
Extract_DJ7J,483,VW_T8W4Q2
Data_ZCY0,"176,410,497,578,609",TBL_7JLX58P1
Feed_6VABM,"264,618",DIM_LWGT
Source_0G1D6,"577,726",TBLK70PZ
Extract_ZKNUV,"609,796",TBLJOZJ
Data_4HABP,"275,460",FACT6CUW
Data_F651,"502,563,594,843,857",DIMSWLCW4M
Extract_2IY,"227,260",FACTQ13O82
Extract_ENRG,"126,296",DIMBIBYPIB
Extract_4LIM,507,TBLR8O5V
Source_IX26K,"476,731,800,813,911",VW_CUH6N25D
Extract_ZGLQ,"498,562,623",FACT_OXEDUSO
Data_KHD,"748,910",FACT_AQAI9Z3
Data_7R2XH1,"111,350,866",TBL_I1LCYVBA
Feed_964ZDC,545,VW_7NVP2U4
Source_7R1U,707,FACT_ZKI3BVAZ
Source_EF5FLC,528,DIM_J3KDVY
Source_SFO,512,FACTQ3XQNF4
Data_ZH7SD,369,TBL_Y6BLLNU0
Extract_6D8Y4,775,VW_90DSQ6
Source_EAGIM7,"492,957",TBL_2E4O5
Source_E1A6,"275,537,689",TBL_Y14FE4F0
Extract_B2KP,154,VW_1BITI
Source_G3JO,"179,511,686,879",DIML80C9Z6L
Extract_PGHO,639,VWTKC6MX3C
Extract_FJ9GJ,981,FACTSF721QR
Feed_5VG,644,FACTVZ4J
Feed_7GRIDQ,167,TBLQOVVG9F
Extract_6Q7FF,269,DIM_M7Z8
Source_IVY,"360,590,806,965",FACTVR8HUC
Extract_VGGB,"272,310,574",TBL_32BP4
Source_XAQS,"128,901",FACT_SSW8D
Extract_3P2,379,VW7PTDOM
Data_NFRK,"585,933",FACTYTEEGCQ
Source_VULIH,530,VWCFIAYYZW
Source_TY6A,250,DIM_FU40SGM
Extract_K34WE1,"328,774,826",VWE3O3
Feed_I6LB4H,"100,194,746",FACTS20XE
Feed_JXI1Q,"174,313",DIM_E8K38Q
Source_W1FJ,391,VW_15FW
Feed_TM3,694,VW_3X207U
Data_D764I,"336,516,634",VW4SIW3I
Extract_V6GY,690,TBL_9GSWZR
Source_62J,"746,829",VWON0WWXN
Data_CKE,"368,692",VWIA6AIZO
Data_O7O48,537,DIM10Z1
Extract_UCST,250,VW_E9VK7
Extract_XSGO,"201,550,753,969",VWRPUR
Source_3ZKMY,906,VW_K2W6O
Data_4FAAXF,629,VWOHC6
Extract_KRNC,587,DIMOMNTIP90
Extract_WAVZ5C,"252,304",DIM_QB1M
Source_W0BY5,"195,410",VWIBAQHC
Feed_LLPF,433,DIM2TXLP
Extract_YNUT3E,"139,833",DIM_WRHN0
Feed_MHEY4,512,DIM9R819D7
Source_3RB,"265,420,591",TBLTNCI7
Extract_IU3BAM,"155,632,841",VW8X8RXY1
Extract_QRGYFI,"213,820,849",FACTWWHTCUA
Feed_91VQ,120,FACT8SGAMZ
Source_GSYSW,"310,572",DIM_M6FK9G
Feed_C0HCJT,"128,296,350,653,880",VW_D8ON9Y5
Extract_PWW,380,TBLRKGLYZ
Feed_C037,"128,254,559",VWMUF9ZD
Extract_O5HFH,"772,849",VW_QDV7R
Data_0TNOG,"609,612",DIMG4L83XRR
Source_3LUS,"114,870",FACT_0K4P41
Data_5JD,"333,419,989",TBLIZJI
Source_6MF,105,DIM1Y7D
Extract_17276L,809,TBLP2PM6I0K
Feed_FCHI,"607,703,899",FACT2D7NL4O
Extract_M6QTFT,492,DIM_FXXUYL0
Extract_QTG,"392,806,856",VW_VBJ3X1QA
Extract_8IV0FY,"634,923",DIMFD3611IZ
Extract_XGFS,"207,684",DIM_NDZBJN
Extract_KN73,"663,891",VWBSCC4
Data_MS1,"121,213,633",FACTR0MJ8AP
Source_D13,862,FACTXJOUJ94
Extract_F8UBNG,785,DIM_7G06OH8F
Extract_FW6EV,342,FACT_YAKSE
Extract_JV5,528,FACT_XWID
Source_EENSO6,"501,503",TBL_UTZWRA
Feed_S1DDW,"301,521,868",DIM05HJH
Extract_76RW,107,VW_JODYS
Data_PDFH,599,VWANT6MI
Data_EOM,855,VW555SRAJR
Data_4RHX6,"247,863",FACT_YP8HQA
Feed_U91T4,910,DIM_UNRMPB2
Data_XK34,"511,722",DIMGECEU
Source_N8E,"242,319,519,642,964",TBLDJ29MW
Data_986,"324,439,695",DIM_Q432KC7E
Feed_LSR,"428,700",VW_Y9HBR1
Extract_GTDX,"224,262,926",VW_IDSQZZA
Data_I6W6S,156,VWGO7EBK
Feed_T6052G,"234,651",TBLN8WY8JK
Feed_WVVCC5,"309,428,522",DIMFC1U
Feed_EJIJFB,"629,953",VW_0A32
Feed_K249,240,TBL_5JNT7
Data_CH1KX,"767,905",VWWZIE
Data_PB3H13,937,TBLZVOLV8UW
Source_SEQ7,252,DIM3FXD
Feed_H52S,"333,887",DIM_Y69BIEFN
Feed_TRCHHB,"221,570",FACTJC89
Feed_ACC3DU,"275,774",DIM433NG4W
Source_X2GE0,192,VWSALXGD
Data_DU5P4,368,VWGUJUM
Source_L3UG,"141,804",FACTEDMJDV7
Data_9AHA,"425,440,659,720",VW_JXGX2BA
Extract_U9JK,"477,721",DIM5DWS
Data_LO8X,"112,186,525,654,911",TBL_7X9L
Source_V43O,747,FACTH1AONYXC
Source_G9IV,"731,960",VW_YAXSIJC
Extract_EH6G,"106,163,439",VW1QC7AROI
Feed_AN4Z,437,TBL_CXCNFH3
Data_CJIG,"147,326,914",FACT_PMJGQFM3
Feed_ALR4G,"488,588,735",VW_RUQV
Extract_FIP,"431,563,568,578,755",FACTN9LSD
Data_VC2,544,TBLCDBI
Data_3Z0V6,542,FACT_W2SAN
Data_OOX315,"460,790",DIM0PPM
Feed_ICHG0O,776,VWRJ5JBOXU
Source_6V90JN,"166,233",VW_6KGRAI
Extract_5QY,546,FACT_MW5XR8L9
Extract_LZK,"528,731,989",VWPVCB
Feed_UVQT9,"353,817",DIMXM41
Data_U94N,828,DIM_P1G8DDSY
Feed_HKZ,"119,129",FACT_TSUI
Feed_A8EB7,106,VW_2FEZ
Data_321Q1,349,TBLVYYXG
Data_OQ900P,"286,331",TBL5ZPJJ
Data_PGDA7Y,"533,637",VWEWAM9
Extract_MWOWA1,982,DIM_VV0YQ3
Source_1TJFC,"185,346,547,596",TBL_72L5XJ
Extract_U2Z9,"141,204",FACT_FVGO1
Extract_TSOH2,624,FACT_Q5T1NZ3
Data_D3ENOM,982,FACT2BDYN266
Data_6GQ1E,586,TBLNSR4D
Feed_2P0P11,"491,783,979",FACT_X47F
Feed_BQ1LOB,"842,996",DIM_XUCU
Extract_EB50M,"109,255",VWKP5FYW
Source_GS1,206,TBL4KAQNR1
Feed_Z8DH,"245,314,552,874,939",FACT7IX04JRX
Feed_WHLC7,"377,907",DIMW0JU1XA
Extract_GYX10,"142,318,388,482",DIM_7OMA
Feed_2JJ6C,547,TBL_HOXIWIG
Extract_X95KF,625,DIM_0UJCR
Extract_EG922,"345,463,781",VWGSIIP
Data_VOG2SJ,"515,742",FACT_YJY8JG7
Data_52SI,617,VWV9FECWG
Source_FC75L,"137,793,917",DIM_5DJB
Source_09V,"156,373,422",VWXGZ8B2VM
Extract_4PIM4T,"832,904,995",FACTOVQGPMCK
Source_37EJQ,"338,787,868,912",VW2RA6OV
Extract_FA0NGT,581,DIM_OLUDG84O
Source_USQF,"162,870",DIMUD3W5PA3
Extract_4E5A0,605,DIMGBXE
Extract_7V1SH,"104,143,494,910",DIM_9D0AHEGB
Extract_62ZTS7,"100,226,504,815",TBLWA6Y5
Source_XPAS,639,FACT_9KQF3AX
Source_7K9AB,428,FACT_CCFWO
Source_1J9,351,TBLDPVPMTP
Feed_VWWW,434,TBLGQ2MZ8CR
Data_LZ4QIF,"210,450,617",DIM_CJL7
Feed_8USYTB,191,FACT_LKNWG
Data_DNUJ,353,VWZUC1
Extract_Q1V8R,784,DIM_8I6HNK
Extract_A7A,637,DIM13NVYIX
Feed_AP1A,"242,668",VW_H4UMXC
Extract_E9BN,"284,608",DIM_RRGRXI
Feed_DZGG,"664,736",TBL_S6FAWNY
Data_4KIWAF,378,TBLPUH8
Extract_AFG,497,VW_3U2EY
Source_JWPJY4,"153,771",DIM_5XJ4XE1
Extract_SCW0,"374,760",TBL_6LQ5Q
Extract_IAXLG,"129,527,740",TBLL37LK5
Extract_PPO63L,"427,992",VW_OLY8
Data_BOTQDA,"570,969",VW_B54S9W
Source_BOZNKS,782,TBL_CZCPVCH
Data_Z7XBH3,242,FACT_31R8
Data_M94RC,"132,454,773,858,929",TBL_LL0DUM
Data_GW4,"289,722,808",TBLP5VJ19K
Source_MJU,"154,235,338,342,589",TBL_YKAGXMB
Feed_PRB3,415,TBL_2LHYU
Extract_XTQTY5,"270,761",TBL_DGANNY1B
Source_48I,"936,960",FACTARE3
Feed_X3GG8B,268,VWWGNGL
Source_CPMU,994,FACT_AO63L
Source_BPU,233,TBL8MRHRAP
Extract_D2RO,"166,395,638",TBLN3LIVGQ7
Extract_FTI7D,"559,598",VWYTNK
Extract_RB9,"254,612,904",VWEP291TTW
Data_PP155L,"111,229,695",FACTXOAPEQJX
Feed_V3F0D,"120,162",DIM_V012ESI
Source_LNV4RC,"644,900,936,999",DIMCUY7TQ
Extract_TZ5R2,664,DIM_HJVZM
Data_L33Z87,687,VW97PYI
Source_DHH,"326,611",TBL_5WWY8
Extract_6ZL,"181,217,221,254,471",DIMW8M346
Feed_4A71E,"451,611",DIM1EAM
Feed_WH3,"172,235,480",VWH4GF
Data_Q6NM,"428,805",FACTRXGX7
Feed_Q6SP0Q,"463,758",VW4ORWJAF
Extract_JJFID,"223,355,670",FACTDPOIEZ
Feed_M1HR,"343,709,812,888",DIM_IFBIW3
Source_E6XSPW,926,TBLTCP6XJ
Feed_KDFW8H,"304,615",FACTFWGG
Feed_700P,785,VWIDP95P1U
Data_1W2435,"248,297,592,655,742",DIM_7OINBRZ
Extract_26JA4R,347,FACTAX9G3FT
Source_913PP,"168,237",TBL2NCB
Feed_VHRAQ1,"106,292,886",VWI4V0
Source_JAC1,"102,393,548",FACTHFLICON
Extract_7FZVH,"107,116,133,694",FACTGCGUTQ
Extract_E6ATG,"246,330,563,750",FACTTW6RJ
Feed_C6W,"179,606,686",FACT_ZCTA
Extract_S95,"207,267,792",TBL25M11N
Data_QLKKG,"423,599",VWJKHGV
Feed_FFSG,"122,219,524",VWZH0C
Extract_HJCQK,"240,714,937",VWIUBU5
Extract_KH9,"197,942,945",FACTSAO3S5L
Feed_XW4B,769,VW_FW3SI9H
Data_VI52SD,"384,817",TBLFOC1G
Data_MGPAL5,245,DIM_51JX
Data_UDS,"885,961",DIMLECRC
Data_2ENN,"185,456,459",VW_ONASY
Data_EBPGC,"484,815",VWL0OLP
Data_ANU2P8,"406,658",DIM_0UOX7H0
Data_U6DJZS,950,TBLTD6K
Data_COZ3VQ,"561,832,857",DIMHE8D
Extract_LS5ZV2,"623,716,887",VWHX9ATBXA
Data_3IRQV,892,TBL_SB66OSQ
Feed_I60,168,VWG4E0
Data_FHJT,243,DIMBOC45T
Extract_QD3Q2S,"178,491",FACT_460QSDV1
Feed_7W1,"277,827,881,907",VW_FY3OUE
Extract_SEXZ0,"331,756",DIM_L99L
Extract_I6KPJV,939,VW5SXRJ
Feed_EMR8,"176,301,305,828",VW_8W9YF98
Extract_ZL3,"564,603,878",FACTS6DF
Data_5SWG,821,VW_SFFJD8I
Extract_1KKTO,698,VW8GFLI
Source_NL8D7,"273,378,870",DIM_ZP2TQI
Feed_2MH,"236,314,518,569",TBL_6JT0LF2
Feed_VY9B,"723,728,889",FACT_QE721WZ4
Extract_TCIK4,"184,313",FACT_S9YHU
Feed_SB1U,707,DIMAEV7
Data_TB901C,809,DIM7M4NB
Feed_RB9,"440,519",VW_Z8KO
Data_7C3PX,736,VW_HRI0
Feed_0JR4N,930,FACTZZ1XRGNN
Extract_MLC,"256,482,633,695",TBLFLZD
Source_W42GWN,"296,525,667",TBL_QJ0M
Data_CECDH1,"204,238",DIMJS0HP5E1
Source_T7B,103,DIM_HL5CRSMU
Source_WIZX,700,VWEU8T3BL
Data_EF0B,146,TBL_BQQMAVC
Data_Z25,"190,265",DIM_VV0E
Feed_MW5VZ,"439,485,637",FACTST54XKDX
Source_V1RM,"401,466,484",VW20863
Data_736,824,VW_8SB1H19I
Extract_EF4PWG,"870,876",DIM_V3CQ4C
Source_EZ3R,"669,698,759,956",VWKEHCLO
Feed_B3KP1,414,TBL_QBGS0ZD
Feed_86THCI,234,FACT_JFBL
Feed_18HW,890,DIM_D2DP
Extract_JAX,"249,512,727",FACTEYX0
Feed_NMNB,711,DIM0LXJ1
Feed_XCE,846,VW_Q9U8P1
Data_G8V4,427,FACT4JU2
Source_BV3,"247,496,688",TBL5WB56Q
Source_NQOTC2,"375,877,917",FACT_9BUMTCRF
Source_ZZ1,"170,604,614",VW_Q0KEI3T
Data_VEB,"178,480,553,826",FACTTR7N
Data_7SRR6I,687,TBL15SQD6S6
Extract_746YX,"273,594,759",DIMRAQIA
Data_XRL,"354,609,753,784",DIM_E9BY64
Feed_SQ8KT,275,DIM_2108
Feed_L24Z,396,FACTPWZDOI
Extract_TCX,486,TBLM8W272C
Source_GDYW04,"369,518",VWZ9B8VRCM
Feed_5F5N,263,FACTNGWF
Extract_EKL2,"494,552,576,605,826",FACT_48ECKC
Feed_2WV0G,764,FACTTZARZK6
Extract_QTGL,620,VWNSRP7L
Data_4AJZQT,527,VW7VVJ9X48
Source_HFZ0Z,502,TBL_8CYKCLI5
Feed_6DO8,"125,576",DIM9Z6F20SY
Data_NJ7Q,"123,266,319",DIM_QKY7
Extract_8E96J,783,TBLIAONJKH
Feed_EK9XLU,"209,739",VW_U1D0A3S
Extract_IE9,"100,226,587,994",DIMRB0LHK
Feed_Z699I5,175,DIM1I3CJUF
Data_71404W,768,DIMPK7R3BY
Data_UAPS,"629,828",TBLARVWIH6W
Data_I1V,"612,685",FACT2ALSHVY5
Feed_BPD4WH,"247,672",TBL2LLAY
Data_B5RJ,422,FACTSCK0Q6
Data_CBZRMS,913,FACTKCTF7Q
Source_0B8OX,377,FACT_PLQVRZ
Source_1HIN,344,FACTTA83N
Feed_PBU,569,FACT_WGQ43GKT
Extract_8LGRY,450,VWGG3QK
Extract_MOKALA,"193,430",TBL_F5WBK
Feed_KRQ,"102,235,396,469",VW_Y6H9G
Source_SJNG5,"266,517,617",TBL_S0F2D0
Extract_2HCH,594,TBLVY750UE3
Extract_UPD,301,TBL1DPU9AR
Source_CYVL,510,VW6RNO5
Source_21FG,"508,545,693,926",DIMTD8ZXYF
Data_TUW3,245,TBLFGB5
Source_XEU3F8,"171,651,863",DIM_DGYXJLLD
Extract_MUAZZ,"452,601,947",VWH3UIJTWV
Data_MLA,403,TBL_CJTQP6BG
Source_AH3K,684,DIM_B16RDELX
Feed_WD4,312,VW_EQVF
Extract_MGOF,898,FACT2EPXFG
Extract_RFA,479,TBL68H6
Extract_76BV,"408,847,890",DIM_579V
Extract_YCVA7Z,908,TBLH6MKIPUB
Feed_AN6W,434,VW_WABIVV
Source_SMA1,252,VWAZLDV
Extract_P248X,750,VW_6J4UPZ
Extract_3CPOVQ,"341,346,540,851",DIMXH56KI7O
Feed_ED88,570,DIM_90HM
Feed_VK0,936,VWMG3V
Data_633D8,"211,227,465,595",VWDZ5F3
Extract_IIH9,"221,305,429,783,896",TBL8CG57NVV
Source_I2Y,611,VWPEOZ4
Feed_MXLRJ3,"576,829,915",TBL_E980H
Data_GZT,"291,526,807",DIM_Y9F6AP36
Feed_6OT,714,FACT_6O0PJ
Extract_XXDW,529,DIMOSMDDK
Source_FRB1D0,335,TBLGMIZ
Data_OW6R,"258,387,997",VW_DBL9ND
Feed_HRQ23,"148,668",FACT5D8P2RV
Source_PCA,455,TBL_VG8S7
Source_09Y,316,VW_1VW1A7E
Feed_EM4MS,"117,147,687,747",TBL_OJ58P
Extract_CCMT3,"171,200",FACT6QRF3K
Data_8050TR,599,VW_9P7MZJM
Extract_094,"481,620,642,893",VWVOLR6O79
Feed_82UII,850,TBL19KII8T
Data_L1PEFQ,"221,797,800",DIM_N8D0J3
Extract_PV2T,483,VW_USRCA
Data_841G,"606,647,940",FACTWTSQKI3H
Source_LJF9X,366,FACT_SUNH6MT
Data_1RA,"196,908,984",FACTFUSGY0
Feed_7DB7,"213,484,658,821",VW_KFOB4
Source_LC8,"318,389,559,660",VW0A5FKF0
Extract_QC96,"530,719,985,994",DIM_ORD42STJ
Data_ACKXTK,"444,908",VWAC7TFLEB
Feed_HU6YQ,449,VW_IIR5
Feed_E9G6U8,"122,156,381,928,955",TBL_06U14Z
Feed_1TE5CQ,"216,361,828,990",FACT_1WRIVZU
Extract_0N8,"384,592,871",FACT_826RF4DE
Extract_NQC7YM,"343,671,837",VW_KBGX
Feed_QYI03K,367,VW_E7ZLLAY1
Extract_ZBRB6H,411,DIMSRTBWLS6
Source_EYXW,"319,389",TBL_R4XPP
Feed_S3P0,938,FACT_QZJDURU
Source_B40,"391,492,499",FACT_L6CZ5Q
Feed_E9J85,"505,674,811",DIM_VYQ5D
Extract_R256,"187,489",VWC8E9
Source_4H96,320,DIM_D9VO4EA
Source_VVA,"468,807",VW_2YVO78B
Data_B6ZCYR,137,TBL_QXMG2
Source_7UEDB,"352,475,520,640",DIMLBBKXJKA
Feed_4GTU,"310,437,490",DIMGG5LU
Feed_PNZXSX,951,VW_3LRE8SMQ
Feed_55YD,"526,534,971",FACT_8DESB
Extract_YNQDWG,154,TBL9TL18S
Feed_V0OXED,675,DIM_Q1H49ZHM
Source_TL67L3,"112,333,555,691",VW_R9DKV4
Data_PO2JH,"811,993",DIM_2A6A
Data_ZERWU,578,FACT3VVE5Q
Extract_ZT1N,"766,834",VW_78SAKUD
Data_MWK,"346,413",FACT_ZC40
Extract_YQQ6,"136,486,834,952",TBL_OY2G6R
Source_HJJ3O,"288,886",TBL_3JYDNGF
Feed_SWZPWY,"216,731",FACT_LUIXE
Data_2EIJ,480,FACT559ZQ31
Source_0V8,"260,637,972",FACT_LQS5
Source_BOCLW0,208,DIM39UKETC9
Extract_5O15QT,"282,736,934",VW_6VRBKZFU
Source_WERK,"400,982",FACT_PTUZ
Extract_FDSV,"135,643",TBL_9XL6FZPS
Extract_FFFK,"105,785",TBL_RJZO
Source_G7KE1O,"626,862",VWCVY8R
Source_YY9,"326,362",VW42GNCRL
Source_XR0,"344,593",TBL_FPGU676
Source_B1GOO,"117,390",VW_IWQ126A
Source_XJ4MSO,"228,462,785,913",DIM_K4J9BA
Feed_EUCMI,"252,639",FACT5QNZI
Feed_DJV1XD,"307,864",VWSSLFQC
Extract_H0W,"109,354,572",DIM_6B0UA4P2
Extract_C5TK1,621,DIMYMNHXXGB
Feed_8HZ7V,"154,374,989",TBL_2ZLJHN
Data_U17PB,874,VW_6YTKUJ51
Source_ZTX7,"250,403,566,729",TBLYFLO
Data_TXHAQ7,528,FACT1ZJ7
Source_TFBQZ4,"483,504,738,867",VWK05SNMF
Source_NQER,"488,896",FACT_KFJ0TN
Feed_K1F0VU,924,VW_63SM9H
Source_8Z6EI0,"223,279,450",VW_2YWN
Feed_61NQ,603,TBL_T7TBNF5G
Extract_43MSF,"264,409,540,681,868",FACTALV353
Extract_GE8Y2F,"231,302",VW_RTO3Y
Source_QQ2I,"566,604",TBL_OXUZY3H
Extract_EEX6N,773,DIM_MVJM
Source_AIW,246,VW_P9PU196
Extract_NUJVB,772,DIM_Z7TU
Extract_M7DH,"448,975",FACTAP62ZM7
Data_U8CB,"835,854,950",TBLLF3H4K8W
Data_6H1KHZ,110,TBL_SXU8
Extract_FVSN9E,385,VW_03HU
Data_NQWQJS,130,TBL_1JC6
Source_4KTC,"660,818,895",FACT_SIE85XCR
Extract_YIQU,101,FACT_B4HM7ACQ
Source_ZGC,"306,409,631",VW_4BA6D
Feed_GB0JFS,"315,972",TBLZS65CB
Data_VEH,173,VWLYGW
Extract_A49,"133,176,890",TBLEFD8S7
Source_842,"149,181,281,353,748",TBLTC37D
Extract_FANS,"103,238,340",DIMLOYO11X
Data_Y7QGAA,"113,404,736",VWA01FVQ
Feed_C4BDZ,"234,916,985",VW17VG3XKZ
Extract_HQ57,"508,604,864",VW_M5TBBN
Extract_VHZ719,896,FACTONT7RQYV
Source_5U2AAM,"582,834",FACT_QMU0
Feed_PAV,"282,996",TBLRNQI3J
Feed_PYC3,"110,154",VW_GSFR5W
Source_JTB5QK,917,DIM_ENM6W3
Data_M9D7BU,"286,442,800",FACTQJF7O9
Data_TC9A,"166,656,676",DIM9JMA
Source_1H2WED,178,DIM_HBBNP
Source_H68DE,"150,572",TBLAWUPOKDG
Source_A1YAP,"422,496",TBL_LUI3
Extract_9JWC9J,822,VWM0761CA3
Data_GJCA7V,501,DIMN7NHK
Feed_ZO2M3,492,DIM8Y1TF6N
Data_KOOVJ,"220,582,846,953",FACT7G74EKJW
Extract_NY2,"222,776",TBL_S56M8TX
Source_9CZE,"439,444",DIMRFF30
Extract_QW4186,986,FACTT778
Data_46L0E,306,FACT_OWUDFG
Source_8MA,911,FACT_EJ9YWFDE
Data_NCVBDO,"258,447,740,776",TBL_4N2QIO
Feed_XS4V8,478,VWABX2S
Source_1DC0,732,VW_MIBEHZH
Feed_I8DNI,162,DIMUIKWVEW
Extract_M8DPR0,110,VW7VT92
Feed_0QGKXB,"359,489",DIMWGKDFIPF
Source_6BQ,"186,664,843",FACTSXLQFTB
Feed_WAZA,"230,766",DIM_XPIH7C
Extract_RHPZ,966,VW_KH5J5A
Extract_8MUPLH,"216,283",DIMD9X8
Source_760K,"896,975",TBLBIBT86F
Extract_DIM,"304,556,672,735",TBL_HFFHWHFX
Extract_MECF2,579,TBL_V2M6Y
Extract_GT6,366,DIMMZ4G61
Source_VM288B,870,TBL4IOQEC0
Extract_J3Q7,204,TBL_0R5ES
Data_EL2HJ7,"323,447,498,847",FACTJ8OUX3
Feed_109EN,"115,572,992",TBL_P5DZN2
Source_T24F,510,FACTJAYK
Data_G0CB51,"328,348,923",DIM_W3VRUR
Extract_EDUJ0,912,VW_B7L3HBS
Extract_N5ZZW2,226,FACT7V5B
Feed_FOG3CP,462,TBLE06J
Feed_OSX5,679,FACT_ZNLF1O
Data_G1G,"114,442,693",TBL_DN4S
Data_JT0I,489,FACT_QSQPPGL5
Feed_V07X30,306,FACT_DSLV
Extract_S9I,619,FACT6RI3P
Data_G7L5F,771,TBLXL67
Feed_NSJ,"526,781,885",FACT4914YX
Feed_XK15T,192,DIM8UYD6N
Source_XKU26I,"113,256,702,996",VWAK0M0B0N
Data_EZ1,915,FACT8Z1KGJ6G
Feed_ST3LF3,"129,194,373",DIMKQTX792Q
Data_5QV,"295,443,668,711,949",VW_JZ25WBJD
Source_V28G,790,FACTTI4KKE
Extract_INU,493,FACTJ17Y
Feed_23C3PV,"455,478,545,735,953",TBLU15QM0
Feed_XYH29,"166,668,715,850",VWIMCMGPL
Extract_8ZKFD,439,FACTY83PST5Y
Extract_63W,443,VWP3FXK22
Source_VYRJ10,326,FACT_WB90YR
Feed_1VO,"413,500,995",FACT_PPMC
Feed_JYPC,"270,411,484",TBL_RAJ7
Source_LUT,902,DIMLXMXMZ4O
Data_ET0Q,"146,587",FACTK6UJLD4
Extract_7IILB,718,VW_M20FJ4ZS
Data_ZT3,403,FACTCGVR12BV
Source_B3Q52,754,FACT_5F4IT8DU
Data_8GX0,101,TBLPGKEBW
Extract_QI3A,165,VW_RIV8RI
Extract_T72BNO,"322,472,854",VW_YAVN
Extract_M2EDJJ,902,FACT7S45
Feed_W63PA8,308,VW_WXTQVYV
Extract_SWE7N,604,TBL0JOS00
Data_S6YQI,"153,857",TBL_UZ6RF
Extract_O39,548,VWJ0DHFBD
Data_10B8TO,"564,806",FACTBLDAK7N
Feed_6R072E,550,DIM_I0OHW0E
Source_Q6P2,"116,256,578,607,721",FACT_P4LH9
Data_G2G7R,"170,440",FACT_UO5ASJ
Data_3YK7C,"375,439,452,691,755",FACT_ETGNHNYT
Data_2Q97BL,"369,684",FACT_DGGO
Extract_0HFB,367,DIM_AX56ZA
Source_NYHL,383,DIM789PBWX
Source_9QN404,297,VWEZYLYX
Data_H62,288,VW_SYZLTI
Feed_6N5Y,142,TBL_NZ7HC8
Feed_F6YP,"232,720",TBLYVLGOLJ
Source_LZN,"706,801",DIM_YJ1UQ85
Feed_3QRTHT,151,VWFNSS5KVR
Extract_K85,"489,656,991",TBL_K4UYM3N
Feed_NVI6,143,TBL_ZNXYF3
Source_AM3ZIO,"729,780",FACT9YUPQTC2
Feed_A2EXX,508,TBLSAS1BC0
Feed_IXZZ1,379,FACT_MP1PK1R
Source_Z28C,"158,335,952",VWWW1L3D
Data_FNFJ,"116,198,538,823,986",FACT_GXX2S0
Feed_OFPCGN,"573,793",FACTJO8FRAG
Source_R1J,"651,838",FACT447IT
Feed_2JQ8,362,TBL_6NJA
Extract_OHKTKR,"156,372,475,523,621",TBL8JJS0M1
Feed_OJPWFK,"343,355",DIMD3JEIXF
Extract_M6R99,255,TBLWFK5QN
Source_Y7VJFB,"453,560",FACTJ31Y
Data_T1WD0,"211,860,975",VW3VDE
Source_KP0EG,888,TBLH957WRL
Data_RD5271,856,TBL_3XVJYSP
Feed_FXN3,537,FACT_J9BN
Source_X07FYK,998,DIM_0KCIQVCN
Extract_5TB,"344,433",TBL_ZDHI34O
Data_BWW8Z,"350,728,945",TBL_IR6JNH
Data_ATS,756,VW_GCS3F
Feed_38309,"156,455",VW8Y8GWKK
Feed_9LI52K,889,TBLAFTP
Extract_Q088VG,"537,800",DIMKYHIM9
Extract_1O9Z,294,TBL_3URB8W
Feed_UGWD,"339,474",FACT_DDB4
Data_Y7S,"730,802",DIMFDXV
Extract_7J6KE,560,FACTG5XSS
Data_DBSLQ,599,VW_V45MLUO
Feed_VF6,"370,471",FACT0XXH8GF
Data_QI6BR5,"692,728,959",VW_212G4FO
Data_NLC7F4,623,DIM_A1T2C
Extract_MYTY6,"379,949,987",VWZOZIQ9
Source_3I94,"801,915",DIMMD7IKX
Feed_1VSW,"599,830,860",VW_8CGMZF1V
Feed_N7E,644,VW_QIFI
Feed_2TN4,"313,387,723",VW_WPXCCZ6
Feed_ATD8,830,DIM_SMWT
Source_Q674H,"164,557,634",FACT5PED1H
Feed_3RHU,"115,140,209,283,943",TBLS19V9G
Extract_6G2EF,919,FACTVNWR
Data_M7J,"209,571",DIMEQM2F2EW
Source_78T005,"526,595,716",FACT9C8WAC
Data_BNM,"373,849",DIMISS2E
Data_Z3S,643,VW_69R8J
Extract_7AX,"184,548,809",TBL_04HKAGZI
Feed_5ONJPS,915,VWJCYN5UOU
Feed_RPRR1Z,"235,820",DIM_3ALUWW7O
Feed_3Y4X,"647,973",FACT_RSZE
Data_4QJ4,"404,671,863",DIM_F4DSW
Data_FIT1SZ,518,TBLV0US
Data_BD6,"434,554,910",DIM_1KM77H4
Extract_VIXC3,339,DIM_TYTGY
Data_JIJTXO,315,FACT_ZMU8CU1I
Source_4CI72P,775,TBL_02D9UDX
Extract_1IB4U8,"404,471,944,971,972",TBLG9HO47B
Data_S1PYIH,"667,784",FACTDA97N0UY
Feed_BDF5,"115,480,727",TBLOAWP0
Data_SPLYA2,"192,494,671",VW9W0J79C
Source_BTGDCI,973,DIMQ5S9XY45
Data_TB3,"353,533",FACT_VZFLZ95
Data_LDO,"427,996",TBLCSEZAK0
Data_562,"344,666,705",TBL_GI0R5G3
Extract_791,"320,333,349,522",FACT_VJNMTO
Source_PTAHZT,"278,423",FACT_GVUV7
Feed_S4HY9,"765,961",DIM35KZRZET
Feed_2PNXTN,290,DIM_N3ZB5
Extract_S0LV,"128,955,966",TBL_CS13D63T
Source_BQMB,954,VW_DZ23FA
Extract_TQLJIX,892,FACT_KG4H
Source_QZF7,567,DIM_E0LV
Extract_5R0I,"247,610,704,960,984",DIM_PR0N0RI
Source_VTSV,748,VW_82VHSJ
Extract_MT87,743,VW_448OQ
Feed_UUJFBM,"438,902",DIM_VFK7VD
Source_GXS3,"173,441",DIM_9I7M37J
Source_DGKRLC,632,VW2HOC1
Feed_JZP1T,988,TBLM7SLGWE
Feed_665F,"171,292,384,573,765",FACT_09UD0C6
Source_MN48G,774,TBL0DBS
Source_CY7Z34,"215,606,774",VW_OSDAN
Data_F0R0P,196,VWB0JY9V
Feed_OHQK,881,DIM2FYDJLV
Feed_IKB8,841,FACT_WUT5HF
Source_95UIS,"555,758",TBL_Z71T
Extract_RC7VY,641,FACT_BHX1G
Data_JDYG,"382,540,817",FACT_K3VQSTR
Source_HA2X2,266,TBL_TNBSD2
Data_3X0W0U,671,TBL_3U3LNIZ
Source_6C1TJQ,"229,509",FACTMBCVVS
Data_9FBXAI,706,TBLYW7SV
Extract_6CDCO2,"577,593,793",DIM818V1CB
Feed_VMD,455,FACT4388S
Source_XKO,339,FACT_YQQI8
Source_39YZO5,508,DIM_ZSHEJ
Feed_JXEEN,546,DIM_115DYJTK
Feed_N7ADM,172,TBLXJDN
Data_A5MMK,868,FACT9CRGYC
Feed_Y4F0F4,175,VWRLHF
Extract_IILYGZ,829,DIMR87KUKL
Data_RK4,254,TBLS82MVL59
Data_4TJBQ,"190,799,851,918,980",FACT1VRD
Feed_M5WTX,939,DIM_N8YR
Feed_6RMAAV,"624,857",VWVOEC
Extract_NRGI25,408,TBL23S6D1
Extract_YOHFEJ,"136,538,932,935",FACT_2OQVVFKA
Source_AZGR41,936,FACTPHC45
Extract_WBA78,"298,348,580,741",DIM_W10WGPK
Data_23KHG,510,VW2FDI
Extract_SKB,"179,349",FACT_5RIJ
Feed_1QE1W,"270,557",FACT_VZQI
Data_1RF,"212,816",VWF7O5
Extract_HHBLUN,225,VWNGDYWA
Data_A4DB,"210,583",TBLY96521HM
Feed_YB83GS,"169,577,669,760",VW42FU5PH
Feed_VFIXW,664,FACT_X8HFFW8
Feed_KHORT,"280,415",DIM_2HRFQ
Source_VOE4,405,FACT_6WA3JO
Data_SC78,"139,371,669",VWGU9MB
Feed_YUL6MD,519,VWBSVO5MJY
Extract_Z0P3D,"280,428",VW_9CPBO
Extract_84EBN2,"175,220",DIM9MVK
Extract_AQO92I,"251,501,858,959",TBL2NVXH
Extract_GOK,524,FACT_GUM163VX
Data_IZ1HFY,746,DIM_9K7XYWQW
Feed_OQVUM7,"306,621,897",TBL_KIU4
Data_CXJ,998,VW_LYRWXWE
Source_RURLX,100,VW_8LMBKQ
Data_HNUWA,279,VW_GL9Y9Y
Feed_LQLO,185,DIM36ECBJ
Extract_9TJ73P,334,TBLL114J
Source_NQETL,175,TBLPJIG8CL
Source_UES,544,VWKGVA8VYY
Extract_8GMS9,"363,577,812,950",DIMP1LRH
Feed_23P7,124,DIM_FPLE
Source_W5S5,"299,432,877",VW1DECCNAE
Feed_3ASIPD,"159,489,762",TBLBMNVZSI6
Extract_4YN,"176,223,434",VW_MNGYNKCE
Source_USFBS,390,DIM_IVUULJ
Data_V9T290,501,VW_4X5UTM
Source_ZCA1T8,327,FACTIB2TCCKU
Source_DHR4,"360,558,803,878",FACT_TFMFU
Data_3TSK,"359,625,843",DIM9URZKFS
Data_CDIKEY,"150,496",FACTLK9YSM8
Feed_QDM,834,DIMR00JVCC
Extract_POF7,465,DIM_SSFHZ
Data_AOE2Z,"381,615,791",DIMYM97URWT
Extract_V6OIWN,232,DIM_ZY1KFL
Data_B2R,611,VWT16HE
Data_LQ4KGS,"225,522,752",VWLJ6GZ6GN
Feed_62U6J,542,TBLBICAGR
Extract_X1N,345,DIM_7A6C
Feed_ZN2,391,DIM8V58DE
Data_BZ3,"282,429",DIM1TK8WVTP
Data_R4UP01,"663,680",DIMIOEKVL
Extract_IVN,441,VW4UWHH2Z
Feed_L374CX,437,FACT_EI6B
Data_KC3,"353,710",FACTOSG8U
Data_MJBY,"129,239,660,996",TBL_FNNVPPG
Extract_258H,601,TBL_MFHB8
Feed_94UB,"177,213,294,310",VWDXNIA
Data_8VLE,"497,758,774",TBL_QHO9BFF
Data_TRR,"629,677,688,907",FACTMAHL
Source_B5831,"206,581,703",VWJU2V8
Extract_ME1,911,DIMJOV41SPE
Data_SKJJJV,"156,195,770",VW_VFUN1W5R
Extract_OSRP,"264,661",VW_06C4QKU
Feed_5QL0,573,DIM1Y9B7XYZ
Feed_SNQAD7,148,VW_HIEVX5
Feed_U5Y,"233,513,717",DIM7F85I
Feed_JY6,389,VW_YAQ29VU
Source_PCQWJ,678,FACTKJMSFROT
Source_U0OFU,"168,208,544,598,617",DIMQUXH2
Extract_51F,702,VW_6RDL5RP
Source_HSSW,554,TBLT4FMC47A
Source_0KH,636,TBL_AHJM
Feed_RSV5WQ,"430,433,925",VW_16RVGB
Source_729,"178,772",TBLN3FJDF
Source_XFU1YG,695,VWLQFOK
Feed_4S4P,304,VWJU12
